query_id,arsip_id,rank_baseline,rank_saracevic,relevance_system,relevance_topical,relevance_cognitive,relevance_situational,relevance_motivational,overall_relevance_0_3,catatan_penilai
Q01,1,1,,1,1,1,1,1,1,synthetic score=0.4790
Q01,30,2,,1,1,1,1,1,1,synthetic score=0.4581
Q01,31,3,4,2,2,2,2,2,2,synthetic score=0.6010
Q01,60,4,,1,1,1,1,1,1,synthetic score=0.3777
Q01,61,5,3,2,2,2,2,2,2,synthetic score=0.6200
Q01,90,6,,1,1,1,1,1,1,synthetic score=0.3926
Q01,91,7,,1,1,1,1,1,1,synthetic score=0.4894
Q01,120,8,,1,1,1,1,1,1,synthetic score=0.4240
Q01,121,9,,1,1,1,1,1,1,synthetic score=0.4075
Q01,149,10,,1,1,1,1,1,1,synthetic score=0.4059
Q01,1173,,1,2,2,2,2,2,2,synthetic score=0.6459
Q01,921,,2,2,2,2,2,2,2,synthetic score=0.6424
Q01,225,,5,2,2,2,2,2,2,synthetic score=0.5623
Q01,816,,6,2,2,2,2,2,2,synthetic score=0.5477
Q01,809,,7,2,2,2,2,2,2,synthetic score=0.5437
Q01,295,,8,2,2,2,2,2,2,synthetic score=0.5212
Q01,1053,,9,2,2,2,2,2,2,synthetic score=0.5116
Q01,685,,10,2,2,2,2,2,2,synthetic score=0.5054
Q02,53,1,1,2,2,2,2,2,2,synthetic score=0.7487
Q03,4,1,,2,2,2,2,2,2,synthetic score=0.6605
Q03,34,2,,2,2,2,2,2,2,synthetic score=0.7265
Q03,64,3,,2,2,2,2,2,2,synthetic score=0.5988
Q03,94,4,,2,2,2,2,2,2,synthetic score=0.7456
Q03,162,5,,2,2,2,2,2,2,synthetic score=0.6952
Q03,178,6,9,2,2,2,2,2,2,synthetic score=0.8021
Q03,197,7,,2,2,2,2,2,2,synthetic score=0.6270
Q03,218,8,1,3,3,3,3,3,3,synthetic score=0.8918
Q03,275,9,7,2,2,2,2,2,2,synthetic score=0.8222
Q03,289,10,,2,2,2,2,2,2,synthetic score=0.6401
Q03,713,,2,3,3,3,3,3,3,synthetic score=0.8903
Q03,1005,,3,3,3,3,3,3,3,synthetic score=0.8391
Q03,1114,,4,2,2,2,2,2,2,synthetic score=0.8297
Q03,975,,5,2,2,2,2,2,2,synthetic score=0.8287
Q03,990,,6,2,2,2,2,2,2,synthetic score=0.8257
Q03,671,,8,2,2,2,2,2,2,synthetic score=0.8183
Q03,1027,,10,2,2,2,2,2,2,synthetic score=0.7977
Q04,11,1,4,2,2,2,2,2,2,synthetic score=0.8138
Q04,41,2,,2,2,2,2,2,2,synthetic score=0.6297
Q04,71,3,,2,2,2,2,2,2,synthetic score=0.6810
Q04,101,4,,2,2,2,2,2,2,synthetic score=0.6684
Q04,150,5,,2,2,2,2,2,2,synthetic score=0.6656
Q04,155,6,,2,2,2,2,2,2,synthetic score=0.6262
Q04,248,7,,2,2,2,2,2,2,synthetic score=0.7020
Q04,264,8,,2,2,2,2,2,2,synthetic score=0.6199
Q04,268,9,,2,2,2,2,2,2,synthetic score=0.7637
Q04,276,10,,2,2,2,2,2,2,synthetic score=0.7248
Q04,350,,1,3,3,3,3,3,3,synthetic score=0.8667
Q04,784,,2,3,3,3,3,3,3,synthetic score=0.8485
Q04,1074,,3,3,3,3,3,3,3,synthetic score=0.8335
Q04,307,,5,2,2,2,2,2,2,synthetic score=0.7990
Q04,591,,6,2,2,2,2,2,2,synthetic score=0.7990
Q04,725,,7,2,2,2,2,2,2,synthetic score=0.7831
Q04,780,,8,2,2,2,2,2,2,synthetic score=0.7805
Q04,957,,9,2,2,2,2,2,2,synthetic score=0.7788
Q04,907,,10,2,2,2,2,2,2,synthetic score=0.7688
Q05,2,1,,2,2,2,2,2,2,synthetic score=0.6505
Q05,32,2,,2,2,2,2,2,2,synthetic score=0.6785
Q05,62,3,,2,2,2,2,2,2,synthetic score=0.7038
Q05,92,4,,2,2,2,2,2,2,synthetic score=0.6851
Q05,143,5,,2,2,2,2,2,2,synthetic score=0.7031
Q05,154,6,,2,2,2,2,2,2,synthetic score=0.6234
Q05,174,7,,2,2,2,2,2,2,synthetic score=0.7048
Q05,176,8,7,2,2,2,2,2,2,synthetic score=0.7805
Q05,240,9,,2,2,2,2,2,2,synthetic score=0.6668
Q05,247,10,4,2,2,2,2,2,2,synthetic score=0.8041
Q05,712,,1,3,3,3,3,3,3,synthetic score=0.9218
Q05,527,,2,3,3,3,3,3,3,synthetic score=0.8938
Q05,805,,3,3,3,3,3,3,3,synthetic score=0.8667
Q05,1121,,5,2,2,2,2,2,2,synthetic score=0.7904
Q05,962,,6,2,2,2,2,2,2,synthetic score=0.7873
Q05,328,,8,2,2,2,2,2,2,synthetic score=0.7667
Q05,819,,9,2,2,2,2,2,2,synthetic score=0.7663
Q05,1106,,10,2,2,2,2,2,2,synthetic score=0.7644
Q06,3,1,,2,2,2,2,2,2,synthetic score=0.5093
Q06,16,2,5,2,2,2,2,2,2,synthetic score=0.5475
Q06,24,3,1,2,2,2,2,2,2,synthetic score=0.8111
Q06,32,4,4,2,2,2,2,2,2,synthetic score=0.5618
Q06,33,5,7,2,2,2,2,2,2,synthetic score=0.5373
Q06,46,6,8,2,2,2,2,2,2,synthetic score=0.5270
Q06,54,7,,1,1,1,1,1,1,synthetic score=0.4807
Q06,63,8,3,2,2,2,2,2,2,synthetic score=0.5987
Q06,76,9,,2,2,2,2,2,2,synthetic score=0.5087
Q06,82,10,,2,2,2,2,2,2,synthetic score=0.5045
Q06,84,,2,2,2,2,2,2,2,synthetic score=0.7891
Q06,114,,6,2,2,2,2,2,2,synthetic score=0.5443
Q06,93,,9,2,2,2,2,2,2,synthetic score=0.5253
Q06,106,,10,2,2,2,2,2,2,synthetic score=0.5120
Q07,10,1,2,3,3,3,3,3,3,synthetic score=0.8619
Q07,40,2,3,2,2,2,2,2,2,synthetic score=0.8122
Q07,70,3,4,2,2,2,2,2,2,synthetic score=0.7531
Q07,100,4,1,3,3,3,3,3,3,synthetic score=0.9885
Q08,13,1,6,2,2,2,2,2,2,synthetic score=0.5422
Q08,14,2,4,2,2,2,2,2,2,synthetic score=0.5561
Q08,28,3,,1,1,1,1,1,1,synthetic score=0.3843
Q08,43,4,,2,2,2,2,2,2,synthetic score=0.5234
Q08,44,5,10,2,2,2,2,2,2,synthetic score=0.5256
Q08,58,6,,1,1,1,1,1,1,synthetic score=0.4440
Q08,73,7,2,2,2,2,2,2,2,synthetic score=0.6070
Q08,74,8,,2,2,2,2,2,2,synthetic score=0.5174
Q08,88,9,,1,1,1,1,1,1,synthetic score=0.3816
Q08,103,10,7,2,2,2,2,2,2,synthetic score=0.5354
Q08,525,,1,2,2,2,2,2,2,synthetic score=0.6467
Q08,104,,3,2,2,2,2,2,2,synthetic score=0.5624
Q08,392,,5,2,2,2,2,2,2,synthetic score=0.5517
Q08,292,,8,2,2,2,2,2,2,synthetic score=0.5328
Q08,237,,9,2,2,2,2,2,2,synthetic score=0.5297
Q09,3,1,,1,1,1,1,1,1,synthetic score=0.2659
Q09,12,2,2,2,2,2,2,2,2,synthetic score=0.6000
Q09,13,3,,1,1,1,1,1,1,synthetic score=0.4272
Q09,23,4,6,1,1,1,1,1,1,synthetic score=0.4492
Q09,27,5,,1,1,1,1,1,1,synthetic score=0.2833
Q09,30,6,4,1,1,1,1,1,1,synthetic score=0.4748
Q09,33,7,,1,1,1,1,1,1,synthetic score=0.2940
Q09,34,8,7,1,1,1,1,1,1,synthetic score=0.4465
Q09,35,9,,1,1,1,1,1,1,synthetic score=0.3194
Q09,38,10,,1,1,1,1,1,1,synthetic score=0.4348
Q09,72,,1,2,2,2,2,2,2,synthetic score=0.7961
Q09,42,,3,2,2,2,2,2,2,synthetic score=0.5275
Q09,83,,5,1,1,1,1,1,1,synthetic score=0.4692
Q09,102,,8,1,1,1,1,1,1,synthetic score=0.4465
Q09,584,,9,1,1,1,1,1,1,synthetic score=0.4377
Q09,62,,10,1,1,1,1,1,1,synthetic score=0.4371
Q10,3,1,,1,1,1,1,1,1,synthetic score=0.3759
Q10,16,2,,1,1,1,1,1,1,synthetic score=0.4142
Q10,24,3,,1,1,1,1,1,1,synthetic score=0.4277
Q10,26,4,,1,1,1,1,1,1,synthetic score=0.4449
Q10,28,5,,1,1,1,1,1,1,synthetic score=0.4510
Q10,32,6,,1,1,1,1,1,1,synthetic score=0.4285
Q10,33,7,,1,1,1,1,1,1,synthetic score=0.4040
Q10,44,8,7,2,2,2,2,2,2,synthetic score=0.5339
Q10,46,9,,1,1,1,1,1,1,synthetic score=0.3937
Q10,63,10,,1,1,1,1,1,1,synthetic score=0.4654
Q10,173,,1,2,2,2,2,2,2,synthetic score=0.7184
Q10,975,,2,2,2,2,2,2,2,synthetic score=0.7121
Q10,1466,,3,2,2,2,2,2,2,synthetic score=0.6673
Q10,917,,4,2,2,2,2,2,2,synthetic score=0.6418
Q10,76,,5,2,2,2,2,2,2,synthetic score=0.6337
Q10,978,,6,2,2,2,2,2,2,synthetic score=0.5472
Q10,905,,8,2,2,2,2,2,2,synthetic score=0.5327
Q10,897,,9,2,2,2,2,2,2,synthetic score=0.5260
Q10,878,,10,2,2,2,2,2,2,synthetic score=0.5251
Q11,1,1,,1,1,1,1,1,1,synthetic score=0.3401
Q11,2,2,,1,1,1,1,1,1,synthetic score=0.2950
Q11,3,3,,1,1,1,1,1,1,synthetic score=0.2704
Q11,4,4,,1,1,1,1,1,1,synthetic score=0.2382
Q11,5,5,6,1,1,1,1,1,1,synthetic score=0.4526
Q11,6,6,,1,1,1,1,1,1,synthetic score=0.2430
Q11,7,7,,1,1,1,1,1,1,synthetic score=0.3084
Q11,8,8,,1,1,1,1,1,1,synthetic score=0.3242
Q11,9,9,,1,1,1,1,1,1,synthetic score=0.2552
Q11,10,10,3,1,1,1,1,1,1,synthetic score=0.4730
Q11,23,,1,2,2,2,2,2,2,synthetic score=0.5537
Q11,13,,2,1,1,1,1,1,1,synthetic score=0.4783
Q11,42,,4,1,1,1,1,1,1,synthetic score=0.4653
Q11,43,,5,1,1,1,1,1,1,synthetic score=0.4595
Q11,12,,7,1,1,1,1,1,1,synthetic score=0.4378
Q11,45,,8,1,1,1,1,1,1,synthetic score=0.4258
Q11,24,,9,1,1,1,1,1,1,synthetic score=0.4222
Q11,47,,10,1,1,1,1,1,1,synthetic score=0.3998
Q12,1,1,,1,1,1,1,1,1,synthetic score=0.3290
Q12,7,2,,1,1,1,1,1,1,synthetic score=0.2973
Q12,11,3,,1,1,1,1,1,1,synthetic score=0.3138
Q12,22,4,,1,1,1,1,1,1,synthetic score=0.2855
Q12,31,5,,1,1,1,1,1,1,synthetic score=0.3510
Q12,41,6,,1,1,1,1,1,1,synthetic score=0.2631
Q12,48,7,,1,1,1,1,1,1,synthetic score=0.3059
Q12,51,8,,1,1,1,1,1,1,synthetic score=0.2532
Q12,52,9,,1,1,1,1,1,1,synthetic score=0.3472
Q12,61,10,8,1,1,1,1,1,1,synthetic score=0.3700
Q12,112,,1,2,2,2,2,2,2,synthetic score=0.5155
Q12,138,,2,1,1,1,1,1,1,synthetic score=0.4891
Q12,238,,3,1,1,1,1,1,1,synthetic score=0.4512
Q12,163,,4,1,1,1,1,1,1,synthetic score=0.4394
Q12,144,,5,1,1,1,1,1,1,synthetic score=0.4268
Q12,72,,6,1,1,1,1,1,1,synthetic score=0.4194
Q12,236,,7,1,1,1,1,1,1,synthetic score=0.3807
Q12,210,,9,1,1,1,1,1,1,synthetic score=0.3664
Q12,190,,10,1,1,1,1,1,1,synthetic score=0.3578
Q13,1,1,,1,1,1,1,1,1,synthetic score=0.3290
Q13,7,2,,1,1,1,1,1,1,synthetic score=0.2973
Q13,11,3,,1,1,1,1,1,1,synthetic score=0.3138
Q13,22,4,,1,1,1,1,1,1,synthetic score=0.2855
Q13,31,5,,1,1,1,1,1,1,synthetic score=0.3510
Q13,41,6,,1,1,1,1,1,1,synthetic score=0.2631
Q13,48,7,,1,1,1,1,1,1,synthetic score=0.3059
Q13,51,8,,1,1,1,1,1,1,synthetic score=0.2532
Q13,52,9,,1,1,1,1,1,1,synthetic score=0.3472
Q13,61,10,8,1,1,1,1,1,1,synthetic score=0.3700
Q13,112,,1,2,2,2,2,2,2,synthetic score=0.5155
Q13,138,,2,1,1,1,1,1,1,synthetic score=0.4891
Q13,238,,3,1,1,1,1,1,1,synthetic score=0.4512
Q13,163,,4,1,1,1,1,1,1,synthetic score=0.4394
Q13,144,,5,1,1,1,1,1,1,synthetic score=0.4268
Q13,72,,6,1,1,1,1,1,1,synthetic score=0.4194
Q13,236,,7,1,1,1,1,1,1,synthetic score=0.3807
Q13,210,,9,1,1,1,1,1,1,synthetic score=0.3664
Q13,190,,10,1,1,1,1,1,1,synthetic score=0.3578
Q15,17,1,4,2,2,2,2,2,2,synthetic score=0.7710
Q15,47,2,3,2,2,2,2,2,2,synthetic score=0.7887
Q15,77,3,2,3,3,3,3,3,3,synthetic score=0.8506
Q15,107,4,1,3,3,3,3,3,3,synthetic score=0.8726
Q16,1,1,3,2,2,2,2,2,2,synthetic score=0.6623
Q16,2,2,,1,1,1,1,1,1,synthetic score=0.3505
Q16,3,3,,1,1,1,1,1,1,synthetic score=0.3259
Q16,8,4,,1,1,1,1,1,1,synthetic score=0.3798
Q16,10,5,10,2,2,2,2,2,2,synthetic score=0.5286
Q16,11,6,,1,1,1,1,1,1,synthetic score=0.3805
Q16,15,7,,1,1,1,1,1,1,synthetic score=0.3557
Q16,22,8,,1,1,1,1,1,1,synthetic score=0.3522
Q16,23,9,6,2,2,2,2,2,2,synthetic score=0.6092
Q16,26,10,,1,1,1,1,1,1,synthetic score=0.4282
Q16,30,,1,2,2,2,2,2,2,synthetic score=0.7081
Q16,120,,2,2,2,2,2,2,2,synthetic score=0.6740
Q16,90,,4,2,2,2,2,2,2,synthetic score=0.6426
Q16,60,,5,2,2,2,2,2,2,synthetic score=0.6277
Q16,112,,7,2,2,2,2,2,2,synthetic score=0.5822
Q16,100,,8,2,2,2,2,2,2,synthetic score=0.5551
Q16,80,,9,2,2,2,2,2,2,synthetic score=0.5548
Q17,9,1,7,2,2,2,2,2,2,synthetic score=0.6108
Q17,10,2,,1,1,1,1,1,1,synthetic score=0.4786
Q17,39,3,4,2,2,2,2,2,2,synthetic score=0.6456
Q17,40,4,,1,1,1,1,1,1,synthetic score=0.4955
Q17,69,5,5,2,2,2,2,2,2,synthetic score=0.6429
Q17,70,6,,1,1,1,1,1,1,synthetic score=0.3698
Q17,99,7,8,2,2,2,2,2,2,synthetic score=0.6067
Q17,100,8,3,2,2,2,2,2,2,synthetic score=0.6718
Q17,127,9,9,2,2,2,2,2,2,synthetic score=0.5751
Q17,129,10,,1,1,1,1,1,1,synthetic score=0.3720
Q17,218,,1,2,2,2,2,2,2,synthetic score=0.7085
Q17,263,,2,2,2,2,2,2,2,synthetic score=0.7000
Q17,392,,6,2,2,2,2,2,2,synthetic score=0.6183
Q17,397,,10,2,2,2,2,2,2,synthetic score=0.5707
Q18,1,1,,1,1,1,1,1,1,synthetic score=0.3540
Q18,6,2,,1,1,1,1,1,1,synthetic score=0.4819
Q18,7,3,,1,1,1,1,1,1,synthetic score=0.4473
Q18,8,4,3,2,2,2,2,2,2,synthetic score=0.6256
Q18,10,5,1,2,2,2,2,2,2,synthetic score=0.6744
Q18,11,6,,1,1,1,1,1,1,synthetic score=0.3388
Q18,22,7,,1,1,1,1,1,1,synthetic score=0.3105
Q18,23,8,2,2,2,2,2,2,2,synthetic score=0.6300
Q18,31,9,,1,1,1,1,1,1,synthetic score=0.3760
Q18,41,10,,1,1,1,1,1,1,synthetic score=0.4131
Q18,113,,4,2,2,2,2,2,2,synthetic score=0.6061
Q18,72,,5,2,2,2,2,2,2,synthetic score=0.5695
Q18,77,,6,2,2,2,2,2,2,synthetic score=0.5631
Q18,83,,7,2,2,2,2,2,2,synthetic score=0.5501
Q18,115,,8,2,2,2,2,2,2,synthetic score=0.5432
Q18,112,,9,2,2,2,2,2,2,synthetic score=0.5406
Q18,81,,10,2,2,2,2,2,2,synthetic score=0.5313
Q19,1,1,,1,1,1,1,1,1,synthetic score=0.2582
Q19,5,2,,1,1,1,1,1,1,synthetic score=0.3956
Q19,6,3,9,1,1,1,1,1,1,synthetic score=0.4152
Q19,7,4,,1,1,1,1,1,1,synthetic score=0.2890
Q19,8,5,,1,1,1,1,1,1,synthetic score=0.3048
Q19,9,6,,1,1,1,1,1,1,synthetic score=0.2358
Q19,10,7,,1,1,1,1,1,1,synthetic score=0.3577
Q19,11,8,,1,1,1,1,1,1,synthetic score=0.2430
Q19,12,9,,1,1,1,1,1,1,synthetic score=0.3559
Q19,17,10,,1,1,1,1,1,1,synthetic score=0.3293
Q19,83,,1,2,2,2,2,2,2,synthetic score=0.5834
Q19,66,,2,2,2,2,2,2,2,synthetic score=0.5533
Q19,80,,3,2,2,2,2,2,2,synthetic score=0.5423
Q19,107,,4,1,1,1,1,1,1,synthetic score=0.4934
Q19,45,,5,1,1,1,1,1,1,synthetic score=0.4730
Q19,110,,6,1,1,1,1,1,1,synthetic score=0.4697
Q19,23,,7,1,1,1,1,1,1,synthetic score=0.4384
Q19,53,,8,1,1,1,1,1,1,synthetic score=0.4362
Q19,63,,10,1,1,1,1,1,1,synthetic score=0.4070
Q20,25,1,4,2,2,2,2,2,2,synthetic score=0.7281
Q20,55,2,2,2,2,2,2,2,2,synthetic score=0.7422
Q20,85,3,1,3,3,3,3,3,3,synthetic score=0.8687
Q20,115,4,3,2,2,2,2,2,2,synthetic score=0.7307
Q21,26,1,4,2,2,2,2,2,2,synthetic score=0.7615
Q21,56,2,3,3,3,3,3,3,3,synthetic score=0.8899
Q21,86,3,2,3,3,3,3,3,3,synthetic score=0.9224
Q21,116,4,1,3,3,3,3,3,3,synthetic score=0.9717
Q22,11,1,,1,1,1,1,1,1,synthetic score=0.3472
Q22,17,2,,1,1,1,1,1,1,synthetic score=0.3710
Q22,18,3,,1,1,1,1,1,1,synthetic score=0.2605
Q22,20,4,4,2,2,2,2,2,2,synthetic score=0.5231
Q22,21,5,,1,1,1,1,1,1,synthetic score=0.2864
Q22,23,6,6,1,1,1,1,1,1,synthetic score=0.4759
Q22,29,7,,1,1,1,1,1,1,synthetic score=0.2696
Q22,41,8,,1,1,1,1,1,1,synthetic score=0.3797
Q22,45,9,3,2,2,2,2,2,2,synthetic score=0.5814
Q22,49,10,,1,1,1,1,1,1,synthetic score=0.4448
Q22,83,,1,2,2,2,2,2,2,synthetic score=0.6292
Q22,80,,2,2,2,2,2,2,2,synthetic score=0.6048
Q22,266,,5,1,1,1,1,1,1,synthetic score=0.4883
Q22,110,,7,1,1,1,1,1,1,synthetic score=0.4655
Q22,220,,8,1,1,1,1,1,1,synthetic score=0.4580
Q22,187,,9,1,1,1,1,1,1,synthetic score=0.4565
Q22,194,,10,1,1,1,1,1,1,synthetic score=0.4562
Q23,1,1,9,2,2,2,2,2,2,synthetic score=0.5748
Q23,5,2,,1,1,1,1,1,1,synthetic score=0.3331
Q23,7,3,,1,1,1,1,1,1,synthetic score=0.2890
Q23,11,4,4,2,2,2,2,2,2,synthetic score=0.6805
Q23,22,5,,1,1,1,1,1,1,synthetic score=0.2772
Q23,29,6,,1,1,1,1,1,1,synthetic score=0.2904
Q23,31,7,,1,1,1,1,1,1,synthetic score=0.3427
Q23,37,8,,1,1,1,1,1,1,synthetic score=0.3545
Q23,39,9,,1,1,1,1,1,1,synthetic score=0.3331
Q23,40,10,,1,1,1,1,1,1,synthetic score=0.4997
Q23,61,,1,2,2,2,2,2,2,synthetic score=0.7367
Q23,167,,2,2,2,2,2,2,2,synthetic score=0.7367
Q23,112,,3,2,2,2,2,2,2,synthetic score=0.7281
Q23,105,,5,2,2,2,2,2,2,synthetic score=0.6300
Q23,41,,6,2,2,2,2,2,2,synthetic score=0.6297
Q23,155,,7,2,2,2,2,2,2,synthetic score=0.6262
Q23,111,,8,2,2,2,2,2,2,synthetic score=0.6202
Q23,171,,10,2,2,2,2,2,2,synthetic score=0.5180
Q24,1,1,4,2,2,2,2,2,2,synthetic score=0.5623
Q24,2,2,10,2,2,2,2,2,2,synthetic score=0.5172
Q24,3,3,,1,1,1,1,1,1,synthetic score=0.3259
Q24,8,4,,1,1,1,1,1,1,synthetic score=0.3798
Q24,10,5,9,2,2,2,2,2,2,synthetic score=0.5286
Q24,11,6,,1,1,1,1,1,1,synthetic score=0.3805
Q24,12,7,1,2,2,2,2,2,2,synthetic score=0.6767
Q24,15,8,,1,1,1,1,1,1,synthetic score=0.3557
Q24,16,9,,1,1,1,1,1,1,synthetic score=0.3642
Q24,21,10,,1,1,1,1,1,1,synthetic score=0.3198
Q24,30,,2,2,2,2,2,2,2,synthetic score=0.6414
Q24,23,,3,2,2,2,2,2,2,synthetic score=0.6092
Q24,100,,5,2,2,2,2,2,2,synthetic score=0.5551
Q24,80,,6,2,2,2,2,2,2,synthetic score=0.5548
Q24,32,,7,2,2,2,2,2,2,synthetic score=0.5452
Q24,73,,8,2,2,2,2,2,2,synthetic score=0.5320
Q25,1,1,,1,1,1,1,1,1,synthetic score=0.4957
Q25,2,2,,1,1,1,1,1,1,synthetic score=0.3505
Q25,3,3,,1,1,1,1,1,1,synthetic score=0.3259
Q25,4,4,,1,1,1,1,1,1,synthetic score=0.2938
Q25,6,5,,1,1,1,1,1,1,synthetic score=0.2985
Q25,15,6,3,2,2,2,2,2,2,synthetic score=0.7890
Q25,24,7,,1,1,1,1,1,1,synthetic score=0.3777
Q25,25,8,,1,1,1,1,1,1,synthetic score=0.2948
Q25,26,9,,1,1,1,1,1,1,synthetic score=0.3282
Q25,31,10,,1,1,1,1,1,1,synthetic score=0.4177
Q25,105,,1,2,2,2,2,2,2,synthetic score=0.8217
Q25,45,,2,2,2,2,2,2,2,synthetic score=0.8147
Q25,75,,4,2,2,2,2,2,2,synthetic score=0.6288
Q25,123,,5,2,2,2,2,2,2,synthetic score=0.5789
Q25,66,,6,2,2,2,2,2,2,synthetic score=0.5658
Q25,116,,7,2,2,2,2,2,2,synthetic score=0.5384
Q25,61,,8,2,2,2,2,2,2,synthetic score=0.5367
Q25,85,,9,2,2,2,2,2,2,synthetic score=0.5354
Q25,144,,10,2,2,2,2,2,2,synthetic score=0.5101
Q26,4,1,,1,1,1,1,1,1,synthetic score=0.2188
Q26,19,2,3,2,2,2,2,2,2,synthetic score=0.6467
Q26,34,3,,1,1,1,1,1,1,synthetic score=0.3515
Q26,49,4,2,2,2,2,2,2,2,synthetic score=0.6781
Q26,64,5,,1,1,1,1,1,1,synthetic score=0.2238
Q26,79,6,1,2,2,2,2,2,2,synthetic score=0.7438
Q26,94,7,,1,1,1,1,1,1,synthetic score=0.3706
Q26,109,8,4,2,2,2,2,2,2,synthetic score=0.6287
Q26,121,9,,1,1,1,1,1,1,synthetic score=0.3825
Q26,125,10,7,1,1,1,1,1,1,synthetic score=0.4899
Q26,164,,5,2,2,2,2,2,2,synthetic score=0.6254
Q26,247,,6,1,1,1,1,1,1,synthetic score=0.4958
Q26,245,,8,1,1,1,1,1,1,synthetic score=0.4847
Q26,220,,9,1,1,1,1,1,1,synthetic score=0.4830
Q26,242,,10,1,1,1,1,1,1,synthetic score=0.4811
Q27,11,1,,1,1,1,1,1,1,synthetic score=0.3472
Q27,17,2,7,1,1,1,1,1,1,synthetic score=0.4709
Q27,19,3,,1,1,1,1,1,1,synthetic score=0.3133
Q27,20,4,,1,1,1,1,1,1,synthetic score=0.2731
Q27,27,5,,1,1,1,1,1,1,synthetic score=0.3933
Q27,34,6,,1,1,1,1,1,1,synthetic score=0.3932
Q27,38,7,,1,1,1,1,1,1,synthetic score=0.3815
Q27,42,8,8,1,1,1,1,1,1,synthetic score=0.4542
Q27,47,9,3,2,2,2,2,2,2,synthetic score=0.5553
Q27,51,10,,1,1,1,1,1,1,synthetic score=0.3532
Q27,337,,1,2,2,2,2,2,2,synthetic score=0.5781
Q27,107,,2,2,2,2,2,2,2,synthetic score=0.5726
Q27,342,,4,2,2,2,2,2,2,synthetic score=0.5515
Q27,77,,5,2,2,2,2,2,2,synthetic score=0.5506
Q27,302,,6,2,2,2,2,2,2,synthetic score=0.5333
Q27,326,,9,1,1,1,1,1,1,synthetic score=0.4435
Q27,233,,10,1,1,1,1,1,1,synthetic score=0.4384
Q28,1,1,,1,1,1,1,1,1,synthetic score=0.4290
Q28,2,2,,1,1,1,1,1,1,synthetic score=0.3839
Q28,8,3,,1,1,1,1,1,1,synthetic score=0.4131
Q28,15,4,,1,1,1,1,1,1,synthetic score=0.3223
Q28,22,5,,1,1,1,1,1,1,synthetic score=0.3189
Q28,26,6,,1,1,1,1,1,1,synthetic score=0.3615
Q28,28,7,,1,1,1,1,1,1,synthetic score=0.3677
Q28,40,8,,1,1,1,1,1,1,synthetic score=0.4122
Q28,41,9,,1,1,1,1,1,1,synthetic score=0.4297
Q28,43,10,,1,1,1,1,1,1,synthetic score=0.3817
Q28,80,,1,2,2,2,2,2,2,synthetic score=0.5881
Q28,441,,2,2,2,2,2,2,2,synthetic score=0.5853
Q28,173,,3,2,2,2,2,2,2,synthetic score=0.5684
Q28,100,,4,2,2,2,2,2,2,synthetic score=0.5218
Q28,112,,5,2,2,2,2,2,2,synthetic score=0.5155
Q28,307,,6,1,1,1,1,1,1,synthetic score=0.4657
Q28,73,,7,1,1,1,1,1,1,synthetic score=0.4653
Q28,68,,8,1,1,1,1,1,1,synthetic score=0.4559
Q28,484,,9,1,1,1,1,1,1,synthetic score=0.4537
Q28,52,,10,1,1,1,1,1,1,synthetic score=0.4472
Q30,1,1,,1,1,1,1,1,1,synthetic score=0.3540
Q30,7,2,,1,1,1,1,1,1,synthetic score=0.3223
Q30,11,3,,1,1,1,1,1,1,synthetic score=0.3388
Q30,22,4,,1,1,1,1,1,1,synthetic score=0.3105
Q30,31,5,10,1,1,1,1,1,1,synthetic score=0.3760
Q30,41,6,,1,1,1,1,1,1,synthetic score=0.2881
Q30,48,7,,1,1,1,1,1,1,synthetic score=0.3309
Q30,51,8,,1,1,1,1,1,1,synthetic score=0.2782
Q30,52,9,,1,1,1,1,1,1,synthetic score=0.3722
Q30,61,10,7,1,1,1,1,1,1,synthetic score=0.3950
Q30,112,,1,2,2,2,2,2,2,synthetic score=0.5406
Q30,238,,2,1,1,1,1,1,1,synthetic score=0.4762
Q30,163,,3,1,1,1,1,1,1,synthetic score=0.4644
Q30,144,,4,1,1,1,1,1,1,synthetic score=0.4518
Q30,72,,5,1,1,1,1,1,1,synthetic score=0.4445
Q30,236,,6,1,1,1,1,1,1,synthetic score=0.4057
Q30,210,,8,1,1,1,1,1,1,synthetic score=0.3914
Q30,190,,9,1,1,1,1,1,1,synthetic score=0.3828
